OBJECTID;CITY;CITY_ID;CITY_TYPE;CITY_NAME;CITY_LABEL;COLOR_CODE;ABBR;CITY_NO;DESCRIPTN;URL;PHONE;OF_AREA_SM;FEAT_TYPE;COMMENT;COLOR_EGIS;POPULATION;Shape__Area;Shape__Length
47054;;;Unincorporated;Unincorporated;CO;1;;0;UNINC;www.lacounty.gov;2139744321;0;Land;;Yellow - RGB 255,255,115;;1,34657E+14;3,24205E+13
47058;;;Unincorporated;Unincorporated;CO;1;;0;UNINC;www.lacounty.gov;2139744321;0;Land;;Yellow - RGB 255,255,115;;4,5113E+12;1,06089E+13
47062;;;Unincorporated;Unincorporated;CO;1;;0;UNINC;www.lacounty.gov;2139744321;0;Land;;Yellow - RGB 255,255,115;;5,82079E+13;5,21466E+14
47063;;;Unincorporated;Unincorporated;CO;1;;0;UNINC;www.lacounty.gov;2139744321;0;Land;;Yellow - RGB 255,255,115;;3750415625;8,67784E+14
47064;;;Unincorporated;Unincorporated;CO;1;;0;UNINC;www.lacounty.gov;2139744321;0;Land;;Yellow - RGB 255,255,115;;1,52825E+12;6,00357E+14
47065;;;Unincorporated;Unincorporated;CO;1;;0;UNINC;www.lacounty.gov;2139744321;0;Land;;Yellow - RGB 255,255,115;;1,11687E+12;1,48701E+14
47066;;;Unincorporated;Unincorporated;CO;1;;0;UNINC;www.lacounty.gov;2139744321;0;Land;;Yellow - RGB 255,255,115;;8,15121E+12;1,41449E+14
47067;;;Unincorporated;Unincorporated;CO;1;;0;UNINC;www.lacounty.gov;2139744321;0;Land;;Yellow - RGB 255,255,115;;87335703125;3,85264E+14
47068;;;Unincorporated;Unincorporated;CO;1;;0;UNINC;www.lacounty.gov;2139744321;0;Land;;Yellow - RGB 255,255,115;;38136378125;4,10927E+14
47069;;;Unincorporated;Unincorporated;CO;1;;0;UNINC;www.lacounty.gov;2139744321;0;Land;;Yellow - RGB 255,255,115;;2,6752E+14;1,56402E+13
47070;;;City;Avalon;Avalon;2;;5;AVLN;www.cityofavalon.com;3105100220;292;Land;;Orange - RGB 230,190,112;;1,07324E+13;2,12387E+14
47071;;;Unincorporated;Unincorporated;CO;1;;0;UNINC;www.lacounty.gov;2139744321;0;Land;;Yellow - RGB 255,255,115;;80053203125;4,14582E+14
47072;;;Unincorporated;Unincorporated;CO;1;;0;UNINC;www.lacounty.gov;2139744321;0;Land;;Yellow - RGB 255,255,115;;62490234375;1,21107E+14
47073;;;Unincorporated;Unincorporated;CO;1;;0;UNINC;www.lacounty.gov;2139744321;0;Land;;Yellow - RGB 255,255,115;;18828125;5,43536E+14
47074;;;Unincorporated;Unincorporated;CO;1;;0;UNINC;www.lacounty.gov;2139744321;0;Land;;Yellow - RGB 255,255,115;;4,52961E+12;1,19897E+14
47075;;;Unincorporated;Unincorporated;CO;1;;0;UNINC;www.lacounty.gov;2139744321;0;Land;;Yellow - RGB 255,255,115;;2416953125;6,69587E+14
47076;;;Unincorporated;Unincorporated;CO;1;;0;UNINC;www.lacounty.gov;2139744321;0;Land;;Yellow - RGB 255,255,115;;20794921875;5,69032E+14
47077;;;Unincorporated;Unincorporated;CO;1;;0;UNINC;www.lacounty.gov;2139744321;0;Land;;Yellow - RGB 255,255,115;;7241640625;1,00103E+14
47078;;;Unincorporated;Unincorporated;CO;1;;0;UNINC;www.lacounty.gov;2139744321;0;Land;;Yellow - RGB 255,255,115;;8330234375;1,12131E+13
47079;;;Unincorporated;Unincorporated;CO;1;;0;UNINC;www.lacounty.gov;2139744321;0;Land;;Yellow - RGB 255,255,115;;42105078125;8,0298E+14
47080;;;Unincorporated;Unincorporated;CO;1;;0;UNINC;www.lacounty.gov;2139744321;0;Land;;Yellow - RGB 255,255,115;;8822484375;3,99518E+12
47081;;;Unincorporated;Unincorporated;CO;1;;0;UNINC;www.lacounty.gov;2139744321;0;Land;;Yellow - RGB 255,255,115;;26756640625;7,54477E+14
47082;;;Unincorporated;Unincorporated;CO;1;;0;UNINC;www.lacounty.gov;2139744321;0;Land;;Yellow - RGB 255,255,115;;3801171875;7,51955E+13
47083;;;Unincorporated;Unincorporated;CO;1;;0;UNINC;www.lacounty.gov;2139744321;0;Land;;Yellow - RGB 255,255,115;;560375;1,0175E+14
47084;;;Unincorporated;Unincorporated;CO;1;;0;UNINC;www.lacounty.gov;2139744321;0;Land;;Yellow - RGB 255,255,115;;92310546875;1,12872E+14
47085;;;Unincorporated;Unincorporated;CO;1;;0;UNINC;www.lacounty.gov;2139744321;0;Land;;Yellow - RGB 255,255,115;;17519140625;5,91136E+14
47086;;;Unincorporated;Unincorporated;CO;1;;0;UNINC;www.lacounty.gov;2139744321;0;Land;;Yellow - RGB 255,255,115;;8123046875;3,94888E+14
47087;;;Unincorporated;Unincorporated;CO;1;;0;UNINC;www.lacounty.gov;2139744321;0;Land;;Yellow - RGB 255,255,115;;4607734375;8,54373E+14
47088;;;Unincorporated;Unincorporated;CO;1;;0;UNINC;www.lacounty.gov;2139744321;0;Land;;Yellow - RGB 255,255,115;;61089453125;1,0751E+14
47089;;;Unincorporated;Unincorporated;CO;1;;0;UNINC;www.lacounty.gov;2139744321;0;Land;;Yellow - RGB 255,255,115;;91494140625;1,66449E+14
47090;;;Unincorporated;Unincorporated;CO;1;;0;UNINC;www.lacounty.gov;2139744321;0;Land;;Yellow - RGB 255,255,115;;166484375;5,80776E+14
47091;;;Unincorporated;Unincorporated;CO;1;;0;UNINC;www.lacounty.gov;2139744321;0;Land;;Yellow - RGB 255,255,115;;25935546875;6,97177E+14
47092;;;Unincorporated;Unincorporated;CO;1;;0;UNINC;www.lacounty.gov;2139744321;0;Land;;Yellow - RGB 255,255,115;;45851171875;9,93539E+14
47093;;;Unincorporated;Unincorporated;CO;1;;0;UNINC;www.lacounty.gov;2139744321;0;Land;;Yellow - RGB 255,255,115;;13153515625;5,09517E+14
47094;;;Unincorporated;Unincorporated;CO;1;;0;UNINC;www.lacounty.gov;2139744321;0;Land;;Yellow - RGB 255,255,115;;3873046875;2,97181E+14
47095;;;Unincorporated;Unincorporated;CO;1;;0;UNINC;www.lacounty.gov;2139744321;0;Land;;Yellow - RGB 255,255,115;;22354296875;5,78582E+14
47096;;;Unincorporated;Unincorporated;CO;1;;0;UNINC;www.lacounty.gov;2139744321;0;Land;;Yellow - RGB 255,255,115;;91766015625;1,19682E+14
47097;;;Unincorporated;Unincorporated;CO;1;;0;UNINC;www.lacounty.gov;2139744321;0;Land;;Yellow - RGB 255,255,115;;9108203125;3,88411E+14
47098;;;Unincorporated;Unincorporated;CO;1;;0;UNINC;www.lacounty.gov;2139744321;0;Land;;Yellow - RGB 255,255,115;;1013203125;4,24018E+14
47099;;;Unincorporated;Unincorporated;CO;1;;0;UNINC;www.lacounty.gov;2139744321;0;Land;;Yellow - RGB 255,255,115;;11498046875;4,4673E+14
47100;;;Unincorporated;Unincorporated;CO;1;;0;UNINC;www.lacounty.gov;2139744321;0;Land;;Yellow - RGB 255,255,115;;57708203125;9,92128E+14
47101;;;Unincorporated;Unincorporated;CO;1;;0;UNINC;www.lacounty.gov;2139744321;0;Land;;Yellow - RGB 255,255,115;;61471484375;9,3414E+13
47102;;;Unincorporated;Unincorporated;CO;1;;0;UNINC;www.lacounty.gov;2139744321;0;Land;;Yellow - RGB 255,255,115;;409375;3,0918E+14
47103;;;Unincorporated;Unincorporated;CO;1;;0;UNINC;www.lacounty.gov;2139744321;0;Land;;Yellow - RGB 255,255,115;;1,46408E+11;1,97358E+14
47104;;;Unincorporated;Unincorporated;CO;1;;0;UNINC;www.lacounty.gov;2139744321;0;Land;;Yellow - RGB 255,255,115;;17799609375;5,13463E+14
47105;;;Unincorporated;Unincorporated;CO;1;;0;UNINC;www.lacounty.gov;2139744321;0;Land;;Yellow - RGB 255,255,115;;7189765625;1,31411E+14
47106;;;Unincorporated;Unincorporated;CO;1;;0;UNINC;www.lacounty.gov;2139744321;0;Land;;Yellow - RGB 255,255,115;;12561328125;4,72528E+14
47107;;;Unincorporated;Unincorporated;CO;1;;0;UNINC;www.lacounty.gov;2139744321;0;Land;;Yellow - RGB 255,255,115;;34826171875;7,37845E+14
47108;;;Unincorporated;Unincorporated;CO;1;;0;UNINC;www.lacounty.gov;2139744321;0;Land;;Yellow - RGB 255,255,115;;1323125;1,57779E+14
47109;;;Unincorporated;Unincorporated;CO;1;;0;UNINC;www.lacounty.gov;2139744321;0;Land;;Yellow - RGB 255,255,115;;35703515625;7,90936E+14
47110;;;Unincorporated;Unincorporated;CO;1;;0;UNINC;www.lacounty.gov;2139744321;0;Land;;Yellow - RGB 255,255,115;;1586796875;5,62534E+14
47111;;;Unincorporated;Unincorporated;CO;1;;0;UNINC;www.lacounty.gov;2139744321;0;Land;;Yellow - RGB 255,255,115;;1136640625;5,04596E+14
47112;;;Unincorporated;Unincorporated;CO;1;;0;UNINC;www.lacounty.gov;2139744321;0;Land;;Yellow - RGB 255,255,115;;14436328125;5,56431E+14
47113;;;Unincorporated;Unincorporated;CO;1;;0;UNINC;www.lacounty.gov;2139744321;0;Land;;Yellow - RGB 255,255,115;;84123046875;1,307E+14
47114;;;Unincorporated;Unincorporated;CO;1;;0;UNINC;www.lacounty.gov;2139744321;0;Land;;Yellow - RGB 255,255,115;;7000390625;3,85211E+14
47115;;;Unincorporated;Unincorporated;CO;1;;0;UNINC;www.lacounty.gov;2139744321;0;Land;;Yellow - RGB 255,255,115;;201984375;5,56605E+14
47116;;;Unincorporated;Unincorporated;CO;1;;0;UNINC;www.lacounty.gov;2139744321;0;Land;;Yellow - RGB 255,255,115;;112290625;1,70119E+14
47117;;;Unincorporated;Unincorporated;CO;1;;0;UNINC;www.lacounty.gov;2139744321;0;Land;;Yellow - RGB 255,255,115;;1834375;5,31119E+13
47118;;;Unincorporated;Unincorporated;CO;1;;0;UNINC;www.lacounty.gov;2139744321;0;Land;;Yellow - RGB 255,255,115;;3004453125;2,64393E+14
47119;;;Unincorporated;Unincorporated;CO;1;;0;UNINC;www.lacounty.gov;2139744321;0;Land;;Yellow - RGB 255,255,115;;3814375;7,96475E+14
47120;;;Unincorporated;Unincorporated;CO;1;;0;UNINC;www.lacounty.gov;2139744321;0;Land;;Yellow - RGB 255,255,115;;2,25953E+11;2,12294E+13
47121;;;Unincorporated;Unincorporated;CO;1;;0;UNINC;www.lacounty.gov;2139744321;0;Land;;Yellow - RGB 255,255,115;;141353125;1,71806E+14
47122;;;Unincorporated;Unincorporated;CO;1;;0;UNINC;www.lacounty.gov;2139744321;0;Land;;Yellow - RGB 255,255,115;;5391796875;3,5708E+14
47123;;;Unincorporated;Unincorporated;CO;1;;0;UNINC;www.lacounty.gov;2139744321;0;Land;;Yellow - RGB 255,255,115;;2124609375;5,99214E+14
47124;;;Unincorporated;Unincorporated;CO;1;;0;UNINC;www.lacounty.gov;2139744321;0;Land;;Yellow - RGB 255,255,115;;27218359375;7,98546E+14
47125;;;Unincorporated;Unincorporated;CO;1;;0;UNINC;www.lacounty.gov;2139744321;0;Land;;Yellow - RGB 255,255,115;;7548046875;4,14662E+14
47126;;;Unincorporated;Unincorporated;CO;1;;0;UNINC;www.lacounty.gov;2139744321;0;Land;;Yellow - RGB 255,255,115;;9113671875;4,93526E+14
47127;;;Unincorporated;Unincorporated;CO;1;;0;UNINC;www.lacounty.gov;2139744321;0;Land;;Yellow - RGB 255,255,115;;4347421875;9,34577E+14
47128;;;Unincorporated;Unincorporated;CO;1;;0;UNINC;www.lacounty.gov;2139744321;0;Land;;Yellow - RGB 255,255,115;;31682421875;7,65251E+14
47129;;;Unincorporated;Unincorporated;CO;1;;0;UNINC;www.lacounty.gov;2139744321;0;Land;;Yellow - RGB 255,255,115;;23019140625;6,80584E+14
47130;;;Unincorporated;Unincorporated;CO;1;;0;UNINC;www.lacounty.gov;2139744321;0;Land;;Yellow - RGB 255,255,115;;38828125;3,30269E+14
47131;;;Unincorporated;Unincorporated;CO;1;;0;UNINC;www.lacounty.gov;2139744321;0;Land;;Yellow - RGB 255,255,115;;116328125;4,96953E+14
47132;;;Unincorporated;Unincorporated;CO;1;;0;UNINC;www.lacounty.gov;2139744321;0;Land;;Yellow - RGB 255,255,115;;1485546875;5,02111E+14
47133;;;Unincorporated;Unincorporated;CO;1;;0;UNINC;www.lacounty.gov;2139744321;0;Land;;Yellow - RGB 255,255,115;;95262109375;1,14194E+12
47134;;;Unincorporated;Unincorporated;CO;1;;0;UNINC;www.lacounty.gov;2139744321;0;Land;;Yellow - RGB 255,255,115;;512578125;8,65214E+13
47135;;;Unincorporated;Unincorporated;CO;1;;0;UNINC;www.lacounty.gov;2139744321;0;Land;;Yellow - RGB 255,255,115;;38228125;7,34954E+13
47136;;;Unincorporated;Unincorporated;CO;1;;0;UNINC;www.lacounty.gov;2139744321;0;Land;;Yellow - RGB 255,255,115;;1,67075E+11;1,84657E+13
47137;;;Unincorporated;Unincorporated;CO;1;;0;UNINC;www.lacounty.gov;2139744321;0;Land;;Yellow - RGB 255,255,115;;456171875;3,15552E+14
47138;;;Unincorporated;Unincorporated;CO;1;;0;UNINC;www.lacounty.gov;2139744321;0;Land;;Yellow - RGB 255,255,115;;1353515625;4,89816E+14
47139;;;Unincorporated;Unincorporated;CO;1;;0;UNINC;www.lacounty.gov;2139744321;0;Land;;Yellow - RGB 255,255,115;;335125;7,96207E+14
47140;;;Unincorporated;Unincorporated;CO;1;;0;UNINC;www.lacounty.gov;2139744321;0;Land;;Yellow - RGB 255,255,115;;55962109375;3,00454E+14
47141;;;Unincorporated;Unincorporated;CO;1;;0;UNINC;www.lacounty.gov;2139744321;0;Land;;Yellow - RGB 255,255,115;;33121484375;7,40525E+14
47142;;;Unincorporated;Unincorporated;CO;1;;0;UNINC;www.lacounty.gov;2139744321;0;Land;;Yellow - RGB 255,255,115;;1777609375;1,59219E+14
47143;;;Unincorporated;Unincorporated;CO;1;;0;UNINC;www.lacounty.gov;2139744321;0;Land;;Yellow - RGB 255,255,115;;3,02509E+11;2,40256E+14
47144;;;Unincorporated;Unincorporated;CO;1;;0;UNINC;www.lacounty.gov;2139744321;0;Land;;Yellow - RGB 255,255,115;;14508203125;5,32594E+14
47145;;;Unincorporated;Unincorporated;CO;1;;0;UNINC;www.lacounty.gov;2139744321;0;Land;;Yellow - RGB 255,255,115;;101225;1,49584E+14
47146;;;Unincorporated;Unincorporated;CO;1;;0;UNINC;www.lacounty.gov;2139744321;0;Land;;Yellow - RGB 255,255,115;;10559375;4,38753E+14
47147;;;Unincorporated;Unincorporated;CO;1;;0;UNINC;www.lacounty.gov;2139744321;0;Land;;Yellow - RGB 255,255,115;;52671875;3,67876E+13
47148;;;Unincorporated;Unincorporated;CO;1;;0;UNINC;www.lacounty.gov;2139744321;0;Land;;Yellow - RGB 255,255,115;;2,07597E+14;1,20698E+14
47149;;;Unincorporated;Unincorporated;CO;1;;0;UNINC;www.lacounty.gov;2139744321;0;Land;;Yellow - RGB 255,255,115;;1,01197E+12;4,85981E+14
47153;;;Unincorporated;Unincorporated;CO;1;;0;UNINC;www.lacounty.gov;2139744321;0;Land;;Yellow - RGB 255,255,115;;6,80321E+11;4,0704E+14
47162;;;Unincorporated;Unincorporated;CO;1;;0;UNINC;www.lacounty.gov;2139744321;0;Land;;Yellow - RGB 255,255,115;;1,13995E+13;1,46602E+14
47163;;;City;Norwalk;Norwalk;2;;57;NRWK;www.ci.norwalk.ca.us;5629295700;9354;Land;;Pink - RGB 255,190,232;;3,67806E+14;3,36876E+14
47164;;;Unincorporated;Unincorporated;CO;1;;0;UNINC;www.lacounty.gov;2139744321;0;Land;;Yellow - RGB 255,255,115;;7,98994E+12;1,25211E+14
47165;;;Unincorporated;Unincorporated;CO;1;;0;UNINC;www.lacounty.gov;2139744321;0;Land;;Yellow - RGB 255,255,115;;4405233125;1,42885E+14
47166;;;City;Diamond Bar;Diamond Bar;3;;23;DMDBR;www.ci.diamond-bar.ca.us;9098397000;14959;Land;;Purple - RGB 185,185,250;;5,62261E+12;4,07579E+14
47167;;;Unincorporated;Unincorporated;CO;1;;0;UNINC;www.lacounty.gov;2139744321;0;Land;;Yellow - RGB 255,255,115;;1,33715E+14;3,57879E+14
47168;;;Unincorporated;Unincorporated;CO;1;;0;UNINC;www.lacounty.gov;2139744321;0;Land;;Yellow - RGB 255,255,115;;2,46658E+11;6,02594E+14
47169;;;Unincorporated;Unincorporated;CO;1;;0;UNINC;www.lacounty.gov;2139744321;0;Land;;Yellow - RGB 255,255,115;;8,43047E+13;4,30472E+14
47170;;;Unincorporated;Unincorporated;CO;1;;0;UNINC;www.lacounty.gov;2139744321;0;Land;;Yellow - RGB 255,255,115;;7,25243E+12;1,90442E+14
47171;;;City;Pasadena;Pasadena;2;;61;PAS;www.ci.pasadena.ca.us;6267444000;2314;Land;;Pink - RGB 255,190,232;;8,76258E+11;1,04436E+14
47172;;;Unincorporated;Unincorporated;CO;1;;0;UNINC;www.lacounty.gov;2139744321;0;Land;;Yellow - RGB 255,255,115;;1,93339E+14;7,08749E+14
47173;;;City;Irwindale;Irwindale;4;;38;IRW;www.ci.irwindale.ca.us;6264302200;9475;Land;;Green - RGB 203,255,112;;3,64908E+13;4,84441E+13
47174;;;City;La Verne;La Verne;6;;43;LAV;www.ci.la-verne.ca.us;9095968726;8483;Land;;Brown - RGB 215,194,158;;3,22859E+14;4,25726E+14
47175;;;City;Los Angeles;Los Angeles;9;;49;LA;http://www.lacity.org;2134733231;468852;Land;;Gray - RGB 178,178,178;;1,78012E+14;6,25246E+14
47176;;;City;Claremont;Claremont;3;;17;CLAR;www.ci.claremont.ca.us;9093995460;13426;Land;;Purple - RGB 185,185,250;;5,1041E+14;5,53776E+14
47177;;;Unincorporated;Unincorporated;CO;1;;0;UNINC;www.lacounty.gov;2139744321;0;Land;;Yellow - RGB 255,255,115;;4,12012E+14;1,35928E+14
47178;;;City;San Dimas;San Dimas;5;;69;SNDMS;www.cityofsandimas.com;9093946200;15358;Land;;Orange - RGB 230,190,112;;5,83716E+14;6,28709E+14
47179;;;Unincorporated;Unincorporated;CO;1;;0;UNINC;www.lacounty.gov;2139744321;0;Land;;Yellow - RGB 255,255,115;;8,48627E+14;9,47352E+14
47180;;;Unincorporated;Unincorporated;CO;1;;0;UNINC;www.lacounty.gov;2139744321;0;Land;;Yellow - RGB 255,255,115;;3,00836E+13;3,09887E+13
47181;;;Unincorporated;Unincorporated;CO;1;;0;UNINC;www.lacounty.gov;2139744321;0;Land;;Yellow - RGB 255,255,115;;1,23332E+14;8,62597E+14
47182;;;Unincorporated;Unincorporated;CO;1;;0;UNINC;www.lacounty.gov;2139744321;0;Land;;Yellow - RGB 255,255,115;;3,57906E+11;2,10268E+14
47183;;;Unincorporated;Unincorporated;CO;1;;0;UNINC;www.lacounty.gov;2139744321;0;Land;;Yellow - RGB 255,255,115;;1,61409E+14;6,11231E+14
47184;;;City;Hawthorne;Hawthorne;3;;32;HAW;www.cityofhawthorne.com;3103492900;607;Land;;Purple - RGB 185,185,250;;2,29328E+14;4,05074E+13
47185;;;City;Lynwood;Lynwood;4;;50;LYN;www.lynwood.ca.us;3106030220;4848;Land;;Green - RGB 203,255,112;;1,82626E+13;2,65392E+14
47186;;;Unincorporated;Unincorporated;CO;1;;0;UNINC;www.lacounty.gov;2139744321;0;Land;;Yellow - RGB 255,255,115;;1,89122E+11;4,00006E+14
47187;;;Unincorporated;Unincorporated;CO;1;;0;UNINC;www.lacounty.gov;2139744321;0;Land;;Yellow - RGB 255,255,115;;1,84916E+11;6,01059E+14
47188;;;Unincorporated;Unincorporated;CO;1;;0;UNINC;www.lacounty.gov;2139744321;0;Land;;Yellow - RGB 255,255,115;;68395078125;1,28399E+14
47189;;;Unincorporated;Unincorporated;CO;1;;0;UNINC;www.lacounty.gov;2139744321;0;Land;;Yellow - RGB 255,255,115;;4,1354E+11;1,21888E+14
47190;;;City;South Gate;South Gate;2;;79;SGT;www.cityofsouthgate.org;3235639500;7321;Land;;Pink - RGB 255,190,232;;2,77381E+14;3,77186E+14
47191;;;City;Cudahy;Cudahy;6;;21;CDHY;www.cityofcudahy.com;3237735143;1211;Land;;Brown - RGB 215,194,158;;4,63869E+14;1,24086E+14
47192;;;Unincorporated;Unincorporated;CO;1;;0;UNINC;www.lacounty.gov;2139744321;0;Land;;Yellow - RGB 255,255,115;;4,49092E+12;2,94173E+14
47193;;;Unincorporated;Unincorporated;CO;1;;0;UNINC;www.lacounty.gov;2139744321;0;Land;;Yellow - RGB 255,255,115;;13905525;2,54442E+14
47194;;;Unincorporated;Unincorporated;CO;1;;0;UNINC;www.lacounty.gov;2139744321;0;Land;;Yellow - RGB 255,255,115;;2,81318E+14;3,21752E+14
47195;;;Unincorporated;Unincorporated;CO;1;;0;UNINC;www.lacounty.gov;2139744321;0;Land;;Yellow - RGB 255,255,115;;34156149375;1,08831E+14
47196;;;Unincorporated;Unincorporated;CO;1;;0;UNINC;www.lacounty.gov;2139744321;0;Land;;Yellow - RGB 255,255,115;;2,07576E+13;8,6103E+14
47197;;;City;Bell Gardens;Bell Gardens;4;;9;BGDNS;www.bellgardens.org;5628067700;2397;Land;;Green - RGB 203,255,112;;9,30582E+14;1,43137E+14
47198;;;City;Inglewood;Inglewood;2;;37;ING;www.cityofinglewood.org;3104125111;9093;Land;;Pink - RGB 255,190,232;;3,43361E+14;3,3261E+14
47199;;;Unincorporated;Unincorporated;CO;1;;0;UNINC;www.lacounty.gov;2139744321;0;Land;;Yellow - RGB 255,255,115;;3,35519E+14;2,6229E+14
47200;;;Unincorporated;Unincorporated;CO;1;;0;UNINC;www.lacounty.gov;2139744321;0;Land;;Yellow - RGB 255,255,115;;1,59983E+14;2,51475E+13
47201;;;City;Huntington Park;Huntington Park;3;;35;HPK;www.huntingtonpark.org;3235826161;2998;Land;;Purple - RGB 185,185,250;;1,13826E+13;2,44114E+13
47202;;;City;Maywood;Maywood;4;;53;MYWD;www.cityofmaywood.com;3235625700;1182;Land;;Green - RGB 203,255,112;;4,44889E+13;1,10669E+14
47203;;;Unincorporated;Unincorporated;CO;1;;0;UNINC;www.lacounty.gov;2139744321;0;Land;;Yellow - RGB 255,255,115;;4,20258E+12;2,01652E+14
47204;;;Unincorporated;Unincorporated;CO;1;;0;UNINC;www.lacounty.gov;2139744321;0;Land;;Yellow - RGB 255,255,115;;1,53754E+12;1,78568E+14
47205;;;Unincorporated;Unincorporated;CO;1;;0;UNINC;www.lacounty.gov;2139744321;0;Land;;Yellow - RGB 255,255,115;;1,41572E+14;8,33186E+14
47206;;;Unincorporated;Unincorporated;CO;1;;0;UNINC;www.lacounty.gov;2139744321;0;Land;;Yellow - RGB 255,255,115;;8,6275E+13;4,91063E+14
47207;;;Unincorporated;Unincorporated;CO;1;;0;UNINC;www.lacounty.gov;2139744321;0;Land;;Yellow - RGB 255,255,115;;5,62131E+14;2,29474E+14
47209;;;City;Malibu;Malibu;5;;51;MBU;www.ci.malibu.ca.us;3104562489;19613;Land;;Orange - RGB 230,190,112;;7,48663E+14;9,25662E+14
47211;;;City;Signal Hill;Signal Hill;3;;77;SGHL;www.cityofsignalhill.org;5629897300;2136;Land;;Pink - RGB 255,190,232;;8,26689E+13;2,07339E+14
47212;;;City;Lakewood;Lakewood;3;;44;LKWD;www.lakewoodcity.org;5628669771;9544;Land;;Pink - RGB 255,190,232;;3,5582E+14;4,5634E+14
47213;;;Unincorporated;Unincorporated;CO;1;;0;UNINC;www.lacounty.gov;2139744321;0;Land;;Yellow - RGB 255,255,115;;1,01706E+14;1,5221E+14
47214;;;City;Long Beach;Long Beach;2;;48;LB;www.longbeach.gov;5625706555;50309;Land;;Purple - RGB 185,185,250;;1,94461E+14;2,06946E+14
47215;;;City;Carson;Carson;4;;15;CAR;ci.carson.ca.us;3108307600;1924;Land;;Green - RGB 203,255,112;;7,1274E+14;4,6937E+14
47216;;;Unincorporated;Unincorporated;CO;1;;0;UNINC;www.lacounty.gov;2139744321;0;Land;;Yellow - RGB 255,255,115;;7,4251E+12;4,25381E+14
47217;;;City;Paramount;Paramount;5;;60;PAR;www.paramountcity.com;5622202000;4664;Land;;Orange - RGB 230,190,112;;1,81676E+14;2,49859E+14
47219;;;City;Rolling Hills;Rolling Hills;2;;66;RLHS;www.rolling-hills.org;3103771521;2985;Land;;Pink - RGB 255,190,232;;1,12346E+14;1,76837E+14
47220;;;Unincorporated;Unincorporated;CO;1;;0;UNINC;www.lacounty.gov;2139744321;0;Land;;Yellow - RGB 255,255,115;;1,96699E+11;6,54665E+14
47221;;;Unincorporated;Unincorporated;CO;1;;0;UNINC;www.lacounty.gov;2139744321;0;Land;;Yellow - RGB 255,255,115;;62438953125;3,42794E+14
47222;;;City;Rancho Palos Verdes;Rancho Palos Verdes;3;;64;ROPV;www.palosverdes.com/rpv;3103770360;13435;Land;;Purple - RGB 185,185,250;;5,07297E+14;7,49036E+14
47223;;;City;Palos Verdes Estates;Palos Verdes Estates;2;;59;PVE;www.pvestates.org;3103780383;4767;Land;;Pink - RGB 255,190,232;;1,7968E+13;2,59951E+14
47224;;;City;Redondo Beach;Redondo Beach;2;;65;RBCH;www.redondo.org;3103721171;6349;Land;;Pink - RGB 255,190,232;;2,33911E+14;3,81497E+13
47225;;;City;Compton;Compton;3;;19;CPT;www.comptoncity.org;3106055500;10111;Land;;Pink - RGB 255,190,232;;3,80553E+14;6,54688E+14
47226;;;City;Vernon;Vernon;2;;83;VER;www.cityofvernon.org;3235838811;5096;Land;;Pink - RGB 255,190,232;;1,94619E+14;3,12501E+14
47227;;;City;Santa Monica;Santa Monica;2;;75;SMON;www.smgov.net;3104588411;8147;Land;;Pink - RGB 255,190,232;;3,21569E+14;2,42551E+14
47228;;;Unincorporated;Unincorporated;CO;1;;0;UNINC;www.lacounty.gov;2139744321;0;Land;;Yellow - RGB 255,255,115;;4,16839E+12;1,59548E+14
47229;;;City;South El Monte;South El Monte;3;;78;SEL;www.ci.south-el-monte.ca.us;6265796540;2808;Land;;Purple - RGB 185,185,250;;1,07791E+13;2,28324E+14
47230;;;City;West Covina;West Covina;2;;85;WCOV;www.westcovina.org;6269398400;1615;Land;;Pink - RGB 255,190,232;;6,07821E+12;7,53209E+14
47231;;;City;El Monte;El Monte;2;;26;ELM;www.ci.el-monte.ca.us;6265802001;957;Land;;Pink - RGB 255,190,232;;3,63842E+14;3,93499E+14
47232;;;City;La Puente;La Puente;3;;42;LAPNT;www.lapuente.org;6268551500;3449;Land;;Purple - RGB 185,185,250;;1,31356E+14;3,20104E+14
47233;;;City;Pomona;Pomona;2;;63;POM;www.ci.pomona.ca.us;9096202311;22975;Land;;Pink - RGB 255,190,232;;8,69894E+14;6,01093E+14
47234;;;Unincorporated;Unincorporated;CO;1;;0;UNINC;www.lacounty.gov;2139744321;0;Land;;Yellow - RGB 255,255,115;;1,36101E+13;1,04115E+14
47235;;;City;Montebello;Montebello;2;;55;MTB;www.cityofmontebello.com;3238871200;8372;Land;;Pink - RGB 255,190,232;;3,16287E+13;3,66016E+14
47236;;;Unincorporated;Unincorporated;CO;1;;0;UNINC;www.lacounty.gov;2139744321;0;Land;;Yellow - RGB 255,255,115;;3,17172E+13;1,11924E+14
47237;;;City;Rosemead;Rosemead;5;;68;RSMD;www.cityofrosemead.org;6265692100;4965;Land;;Orange - RGB 230,190,112;;1,95748E+12;3,47979E+14
47238;;;City;Industry;City of Industry;4;;36;IND;www.cityofindustry.org;6263332211;11948;Land;;Green - RGB 203,255,112;;4,55056E+14;1,34902E+14
47239;;;Unincorporated;Unincorporated;CO;1;;0;UNINC;www.lacounty.gov;2139744321;0;Land;;Yellow - RGB 255,255,115;;7,08021E+14;2,15274E+14
47240;;;City;Baldwin Park;Baldwin Park;3;;7;BPK;www.baldwinpark.com;6269604011;6774;Land;;Purple - RGB 185,185,250;;2,56498E+14;3,22539E+14
47241;;;Unincorporated;Unincorporated;CO;1;;0;UNINC;www.lacounty.gov;2139744321;0;Land;;Yellow - RGB 255,255,115;;1,3452E+11;3,4621E+14
47242;;;City;Pico Rivera;Pico Rivera;5;;62;PCORI;www.ci.pico-rivera.ca.us;5629422000;8667;Land;;Orange - RGB 230,190,112;;3,36397E+14;3,51043E+14
47243;;;City;Walnut;Walnut;5;;84;WAL;www.ci.walnut.ca.us;9095957543;8611;Land;;Orange - RGB 230,190,112;;3,39515E+14;3,37512E+14
47244;;;City;Whittier;Whittier;2;;88;WHIT;www.cityofwhittier.org;5625679999;14396;Land;;Pink - RGB 255,190,232;;5,53424E+14;6,00841E+14
47245;;;Unincorporated;Unincorporated;CO;1;;0;UNINC;www.lacounty.gov;2139744321;0;Land;;Yellow - RGB 255,255,115;;3,41053E+14;1,7964E+14
47246;;;Unincorporated;Unincorporated;CO;1;;0;UNINC;www.lacounty.gov;2139744321;0;Land;;Yellow - RGB 255,255,115;;8,69277E+12;6,81712E+14
47247;;;Unincorporated;Unincorporated;CO;1;;0;UNINC;www.lacounty.gov;2139744321;0;Land;;Yellow - RGB 255,255,115;;9,69898E+12;5,13845E+14
47248;;;Unincorporated;Unincorporated;CO;1;;0;UNINC;www.lacounty.gov;2139744321;0;Land;;Yellow - RGB 255,255,115;;2,81672E+13;3,4664E+14
47249;;;City;Westlake Village;Westlake Village;3;;87;WLV;www.wlv.org;8187061613;5435;Land;;Purple - RGB 185,185,250;;2,08538E+14;2,37633E+14
47250;;;City;Agoura Hills;Agoura Hills;2;;1;AGH;www.ci.agoura-hills.ca.us;8185977300;8054;Land;;Pink - RGB 255,190,232;;2,96408E+14;2,96269E+14
47251;;;Unincorporated;Unincorporated;CO;1;;0;UNINC;www.lacounty.gov;2139744321;0;Land;;Yellow - RGB 255,255,115;;2,68408E+13;2,11225E+14
47252;;;Unincorporated;Unincorporated;CO;1;;0;UNINC;www.lacounty.gov;2139744321;0;Land;;Yellow - RGB 255,255,115;;1,07364E+14;1,95096E+14
47253;;;City;Santa Clarita;Santa Clarita;2;;73;SCLR;www.santa-clarita.com;6612592489;52317;Land;;Pink - RGB 255,190,232;;3,21446E+13;3,50916E+14
47254;;;City;Santa Clarita;Santa Clarita;2;;73;SCLR;www.santa-clarita.com;6612592489;52317;Land;;Pink - RGB 255,190,232;;270059423;1,30383E+14
47255;;;City;Santa Clarita;Santa Clarita;2;;73;SCLR;www.santa-clarita.com;6612592489;52317;Land;;Pink - RGB 255,190,232;;4946484375;4,77748E+13
47256;;;City;Santa Clarita;Santa Clarita;2;;73;SCLR;www.santa-clarita.com;6612592489;52317;Land;;Pink - RGB 255,190,232;;3,60792E+11;1,01296E+14
47257;;;Unincorporated;Unincorporated;CO;1;;0;UNINC;www.lacounty.gov;2139744321;0;Land;;Yellow - RGB 255,255,115;;1,69972E+13;9,04048E+14
47258;;;Unincorporated;Unincorporated;CO;1;;0;UNINC;www.lacounty.gov;2139744321;0;Land;;Yellow - RGB 255,255,115;;7,128E+13;5,4651E+14
47259;;;Unincorporated;Unincorporated;CO;1;;0;UNINC;www.lacounty.gov;2139744321;0;Land;;Yellow - RGB 255,255,115;;4,77986E+13;3,82237E+14
47260;;;City;Palmdale;Palmdale;4;;58;PMDLE;www.cityofpalmdale.org;6612675100;104636;Land;;Green - RGB 203,255,112;;4,07234E+14;2,53016E+14
47261;;;Unincorporated;Unincorporated;CO;1;;0;UNINC;www.lacounty.gov;2139744321;0;Land;;Yellow - RGB 255,255,115;;1,44549E+14;2,63475E+14
47262;;;City;Lancaster;Lancaster;3;;45;LANC;www.cityoflancasterca.org;6617236000;94177;Land;;Purple - RGB 185,185,250;;3,63039E+14;2,51927E+14
47263;;;Unincorporated;Unincorporated;CO;1;;0;UNINC;www.lacounty.gov;2139744321;0;Land;;Yellow - RGB 255,255,115;;2,20604E+14;2,48291E+14
47264;;;City;Temple City;Temple City;6;;81;TCTY;http://www.ci.temple-city.ca.us;6262852171;3854;Land;;Brown - RGB 215,194,158;;1,5245E+12;2,22953E+14
47265;;;Unincorporated;Unincorporated;CO;1;;0;UNINC;www.lacounty.gov;2139744321;0;Land;;Yellow - RGB 255,255,115;;1,23993E+13;1,57585E+14
47266;;;Unincorporated;Unincorporated;CO;1;;0;UNINC;www.lacounty.gov;2139744321;0;Land;;Yellow - RGB 255,255,115;;2,09146E+12;7,51955E+14
47267;;;City;San Marino;San Marino;3;;72;SMAR;www.ci.san-marino.ca.us;6263000700;3752;Land;;Purple - RGB 185,185,250;;1,42713E+14;2,08799E+14
47268;;;Unincorporated;Unincorporated;CO;1;;0;UNINC;www.lacounty.gov;2139744321;0;Land;;Yellow - RGB 255,255,115;;1,17174E+14;2,80181E+14
47269;;;City;Bradbury;Bradbury;3;;12;BRAD;www.cityofbradbury.org;6263583218;1996;Land;;Purple - RGB 185,185,250;;7,45382E+11;1,43729E+14
47270;;;City;Azusa;Azusa;2;;6;AZUSA;www.ci.azusa.ca.us;6268125200;9607;Land;;Pink - RGB 255,190,232;;3,66131E+14;5,85751E+14
47271;;;Unincorporated;Unincorporated;CO;1;;0;UNINC;www.lacounty.gov;2139744321;0;Land;;Yellow - RGB 255,255,115;;1,11834E+13;1,5046E+14
47272;;;City;Sierra Madre;Sierra Madre;4;;76;SMAD;cityofsierramadre.com/;6263557135;2932;Land;;Green - RGB 203,255,112;;1,12172E+14;1,47989E+14
47273;;;City;Arcadia;Arcadia;3;;3;ARC;www.ci.arcadia.ca.us;6265745400;11368;Land;;Purple - RGB 185,185,250;;4,21E+14;4,87385E+14
47274;;;City;Glendora;Glendora;4;;29;GLNDR;www.ci.glendora.ca.us;6269148200;19525;Land;;Green - RGB 203,255,112;;7,44891E+13;6,10623E+13
47275;;;City;Monrovia;Monrovia;2;;54;MON;www.cityofmonrovia.org;6269325550;13686;Land;;Pink - RGB 255,190,232;;5,21367E+14;5,31274E+14
47276;;;City;Duarte;Duarte;5;;25;DUAR;www.accessduarte.com;6263577931;6576;Land;;Orange - RGB 230,190,112;;2,54069E+14;4,12224E+14
47277;;;Unincorporated;Unincorporated;CO;1;;0;UNINC;www.lacounty.gov;2139744321;0;Land;;Yellow - RGB 255,255,115;;2,59946E+14;1,10898E+14
47278;;;City;South Pasadena;South Pasadena;4;;80;SPAS;www.ci.south-pasadena.ca.us;6264037200;3468;Land;;Green - RGB 203,255,112;;1,29349E+14;1,6017E+14
47279;;;City;Calabasas;Calabasas;4;;14;CLBAS;www.cityofcalabasas.com;8182241600;13636;Land;;Green - RGB 203,255,112;;5,21509E+14;5,49421E+14
47280;;;City;Burbank;Burbank;2;;13;BRB;www.burbankca.gov;8182385850;17138;Land;;Pink - RGB 255,190,232;;6,58166E+13;3,76836E+14
47281;;;Unincorporated;Unincorporated;CO;1;;0;UNINC;www.lacounty.gov;2139744321;0;Land;;Yellow - RGB 255,255,115;;7,35516E+13;1,79205E+14
47282;;;City;La Canada Flintridge;La Cañada Flintridge;4;;39;LACFL;www.lacanadaflintridge.com;8187908880;861;Land;;Green - RGB 203,255,112;;3,28284E+14;3,40579E+14
47283;;;City;Glendale;Glendale;3;;30;GLN;www.ci.glendale.ca.us;8185484000;30489;Land;;Purple - RGB 185,185,250;;1,16111E+13;7,02996E+14
47284;;;City;San Fernando;San Fernando;2;;70;SFER;www.ci.san-fernando.ca.us;8188981200;2368;Land;;Pink - RGB 255,190,232;;9,02059E+14;1,35036E+12
47285;;;City;Hidden Hills;Hidden Hills;3;;34;HDNH;www.hiddenhillscity.org;8188889281;1711;Land;;Purple - RGB 185,185,250;;640038725;1,57705E+14
47286;;;Unincorporated;Unincorporated;CO;1;;0;UNINC;www.lacounty.gov;2139744321;0;Land;;Yellow - RGB 255,255,115;;9,14739E+11;4,19361E+14
47287;;;City;West Hollywood;West Hollywood;3;;86;WD;www.weho.org;3238486400;1981;Land;;Pink - RGB 255,190,232;;7,1741E+13;2,1003E+14
47288;;;City;Alhambra;Alhambra;2;;2;ALH;www.cityofalhambra.org;6265705007;7626;Land;;Pink - RGB 255,190,232;;2,88896E+14;2,54457E+14
47289;;;City;Beverly Hills;Beverly Hills;2;;11;BVH;www.beverlyhills.org;3102851000;5705;Land;;Purple - RGB 185,185,250;;2,16252E+14;3,2045E+14
47290;;;City;Bell;Bell;5;;8;BELL;www.cityofbell.org;3235886211;2613;Land;;Orange - RGB 230,190,112;;9,89193E+14;2,40804E+14
47291;;;Unincorporated;Unincorporated;CO;1;;0;UNINC;www.lacounty.gov;2139744321;0;Land;;Yellow - RGB 255,255,115;;662469625;3,68393E+14
47292;;;City;Manhattan Beach;Manhattan Beach;4;;52;MBCH;www.ci.manhattan-beach.ca.us;3108025000;3874;Land;;Green - RGB 203,255,112;;1,4797E+14;1,75695E+14
47293;;;City;Culver City;Culver City;3;;22;CC;www.culvercity.org;3102535851;5019;Land;;Purple - RGB 185,185,250;;1,94017E+13;4,30283E+13
47294;;;Unincorporated;Unincorporated;CO;1;;0;UNINC;www.lacounty.gov;2139744321;0;Land;;Yellow - RGB 255,255,115;;1,81661E+13;3,00862E+14
47295;;;Unincorporated;Unincorporated;CO;1;;0;UNINC;www.lacounty.gov;2139744321;0;Land;;Yellow - RGB 255,255,115;;6,74017E+13;4,43881E+14
47296;;;City;Covina;Covina;3;;20;COV;www.ci.covina.ca.us;6263845400;7001;Land;;Purple - RGB 185,185,250;;2,66572E+12;6,8605E+14
47297;;;Unincorporated;Unincorporated;CO;1;;0;UNINC;www.lacounty.gov;2139744321;0;Land;;Yellow - RGB 255,255,115;;4,37164E+11;4,56351E+14
47298;;;Unincorporated;Unincorporated;CO;1;;0;UNINC;www.lacounty.gov;2139744321;0;Land;;Yellow - RGB 255,255,115;;3,83301E+12;1,28948E+14
47299;;;City;San Gabriel;San Gabriel;4;;71;SGAB;www.sangabrielcity.com;6263082800;4106;Land;;Green - RGB 203,255,112;;1,56498E+14;3,55979E+14
47300;;;Unincorporated;Unincorporated;CO;1;;0;UNINC;www.lacounty.gov;2139744321;0;Land;;Yellow - RGB 255,255,115;;1,81847E+11;2,63757E+13
47301;;;Unincorporated;Unincorporated;CO;1;;0;UNINC;www.lacounty.gov;2139744321;0;Land;;Yellow - RGB 255,255,115;;2,42712E+13;2,99005E+14
47302;;;Unincorporated;Unincorporated;CO;1;;0;UNINC;www.lacounty.gov;2139744321;0;Land;;Yellow - RGB 255,255,115;;79866609375;1,23219E+14
47303;;;Unincorporated;Unincorporated;CO;1;;0;UNINC;www.lacounty.gov;2139744321;0;Land;;Yellow - RGB 255,255,115;;39497665625;2,73986E+14
47304;;;Unincorporated;Unincorporated;CO;1;;0;UNINC;www.lacounty.gov;2139744321;0;Land;;Yellow - RGB 255,255,115;;2,04704E+14;9,85006E+14
47305;;;Unincorporated;Unincorporated;CO;1;;0;UNINC;www.lacounty.gov;2139744321;0;Land;;Yellow - RGB 255,255,115;;2,04404E+14;3,06048E+14
47306;;;City;El Segundo;El Segundo;2;;27;ELS;www.elsegundo.org;3105242300;543;Land;;Pink - RGB 255,190,232;;2,05104E+12;2,11536E+14
47307;;;Unincorporated;Unincorporated;CO;1;;0;UNINC;www.lacounty.gov;2139744321;0;Land;;Yellow - RGB 255,255,115;;1,20074E+14;2,02549E+14
47308;;;Unincorporated;Unincorporated;CO;1;;0;UNINC;www.lacounty.gov;2139744321;0;Land;;Yellow - RGB 255,255,115;;9,32912E+14;2,13542E+14
47309;;;City;Lawndale;Lawndale;5;;46;LDL;www.lawndalecity.org;3109733200;1931;Land;;Orange - RGB 230,190,112;;7,41502E+14;1,35724E+14
47310;;;City;Gardena;Gardena;2;;28;GAR;www.ci.gardena.ca.us;3102179500;5926;Land;;Pink - RGB 255,190,232;;2,20683E+14;2,42597E+14
47311;;;City;Hermosa Beach;Hermosa Beach;3;;33;HRBCH;www.hermosabch.org;3103180239;136;Land;;Purple - RGB 185,185,250;;5,46646E+14;1,05111E+14
47312;;;City;Torrance;Torrance;3;;82;TOR;www.torranceca.gov;3103285310;19938;Land;;Purple - RGB 185,185,250;;7,7357E+14;5,14844E+14
47313;;;City;Rolling Hills Estates;Rolling Hills Estates;4;;67;RHE;www.ci.rolling-hills-estates.ca.us;3103771577;3444;Land;;Green - RGB 203,255,112;;1,35144E+14;4,50447E+14
47314;;;City;Lomita;Lomita;5;;47;LOM;www.lomita.com;3103257110;1893;Land;;Orange - RGB 230,190,112;;7,21172E+14;1,65033E+14
47316;;;City;La Mirada;La Mirada;3;;41;LAMIR;www.cityoflamirada.org;5629430131;7778;Land;;Purple - RGB 185,185,250;;2,95819E+14;2,93491E+14
47317;;;Unincorporated;Unincorporated;CO;1;;0;UNINC;www.lacounty.gov;2139744321;0;Land;;Yellow - RGB 255,255,115;;4,95292E+12;9,92006E+14
47318;;;Unincorporated;Unincorporated;CO;1;;0;UNINC;www.lacounty.gov;2139744321;0;Land;;Yellow - RGB 255,255,115;;5,62134E+12;3,43282E+14
47319;;;Unincorporated;Unincorporated;CO;1;;0;UNINC;www.lacounty.gov;2139744321;0;Land;;Yellow - RGB 255,255,115;;2,43167E+11;3,68394E+14
47320;;;Unincorporated;Unincorporated;CO;1;;0;UNINC;www.lacounty.gov;2139744321;0;Land;;Yellow - RGB 255,255,115;;9,51752E+14;2,34079E+14
47321;;;City;Downey;Downey;3;;24;DNY;www.downeyca.org;5629047274;12698;Land;;Purple - RGB 185,185,250;;4,74104E+12;3,32788E+14
47322;;;City;Santa Fe Springs;Santa Fe Springs;4;;74;SFSPS;www.santafesprings.org;5628680511;8721;Land;;Green - RGB 203,255,112;;3,34807E+14;5,79321E+14
47323;;;City;Commerce;Commerce;6;;18;CMRC;www.ci.commerce.ca.us;3237224805;6547;Land;;Brown - RGB 215,194,158;;2,47569E+14;3,43374E+14
47324;;;City;Monterey Park;Monterey Park;3;;56;MPK;www.ci.monterey-park.ca.us;6263071458;7729;Land;;Purple - RGB 185,185,250;;2,92647E+14;2,93519E+14
47325;;;City;Artesia;Artesia;4;;4;ART;www.cityofartesia.us;5628656262;1614;Land;;Green - RGB 203,255,112;;6,10634E+14;1,50494E+13
47326;;;City;Bellflower;Bellflower;4;;10;BLF;www.bellflower.org;5628041424;6145;Land;;Green - RGB 203,255,112;;2,32953E+11;2,18067E+14
47327;;;City;Cerritos;Cerritos;5;;16;CERR;www.cerritos.us;5628600311;8792;Land;;Orange - RGB 230,190,112;;3,33385E+14;4,40497E+14
47328;;;City;La Habra Heights;La Habra Heights;3;;40;LAHHT;www.la-habra-heights.org;5626946302;6394;Land;;Purple - RGB 185,185,250;;2,32475E+11;2,56965E+13
47329;;;Unincorporated;Unincorporated;CO;1;;0;UNINC;www.lacounty.gov;2139744321;0;Land;;Yellow - RGB 255,255,115;;6,15726E+12;1,33729E+14
47332;;;Unincorporated;Unincorporated;CO;1;;0;UNINC;www.lacounty.gov;2139744321;0;Land;;Yellow - RGB 255,255,115;;3,36678E+12;3,38152E+14
47333;;;Unincorporated;Unincorporated;CO;1;;0;UNINC;www.lacounty.gov;2139744321;0;Land;;Yellow - RGB 255,255,115;;38012265625;2,79721E+14
47336;;;Unincorporated;Unincorporated;CO;1;;0;UNINC;www.lacounty.gov;2139744321;0;Land;;Yellow - RGB 255,255,115;;1,93431E+11;2,21619E+14
47337;;;Unincorporated;Unincorporated;CO;1;;0;UNINC;www.lacounty.gov;2139744321;0;Land;;Yellow - RGB 255,255,115;;18333696875;1,95233E+13
47338;;;Unincorporated;Unincorporated;CO;1;;0;UNINC;www.lacounty.gov;2139744321;0;Land;;Yellow - RGB 255,255,115;;7,90174E+12;5,18455E+13
47340;;;Unincorporated;Unincorporated;CO;1;;0;UNINC;www.lacounty.gov;2139744321;0;Land;;Yellow - RGB 255,255,115;;4909901875;3,925E+14
47341;;;Unincorporated;Unincorporated;CO;1;;0;UNINC;www.lacounty.gov;2139744321;0;Land;;Yellow - RGB 255,255,115;;3845815625;9,95448E+14
47342;;;Unincorporated;Unincorporated;CO;1;;0;UNINC;www.lacounty.gov;2139744321;0;Land;;Yellow - RGB 255,255,115;;9,56375E+13;3,91395E+14
47343;;;Unincorporated;Unincorporated;CO;1;;0;UNINC;www.lacounty.gov;2139744321;0;Land;;Yellow - RGB 255,255,115;;9,20242E+11;5,44252E+14
47344;;;Unincorporated;Unincorporated;CO;1;;0;UNINC;www.lacounty.gov;2139744321;0;Land;;Yellow - RGB 255,255,115;;4,41742E+12;8,91413E+14
47345;;;Unincorporated;Unincorporated;CO;1;;0;UNINC;www.lacounty.gov;2139744321;0;Land;;Yellow - RGB 255,255,115;;44851046875;1,15754E+14
47346;;;Unincorporated;Unincorporated;CO;1;;0;UNINC;www.lacounty.gov;2139744321;0;Land;;Yellow - RGB 255,255,115;;1475175;6,66066E+14
47347;;;Unincorporated;Unincorporated;CO;1;;0;UNINC;www.lacounty.gov;2139744321;0;Land;;Yellow - RGB 255,255,115;;7,50927E+13;3,50486E+14
47348;;;Unincorporated;Unincorporated;CO;1;;0;UNINC;www.lacounty.gov;2139744321;0;Land;;Yellow - RGB 255,255,115;;7,18304E+12;2,70736E+14
47349;;;Unincorporated;Unincorporated;CO;1;;0;UNINC;www.lacounty.gov;2139744321;0;Land;;Yellow - RGB 255,255,115;;4,30689E+13;9,79165E+14
47358;;;City;Los Angeles;Los Angeles;9;;49;LA;http://www.lacity.org;2134733231;468852;Land;;Gray - RGB 178,178,178;;1593515625;5,23013E+14
47359;;;City;Los Angeles;Los Angeles;9;;49;LA;http://www.lacity.org;2134733231;468852;Land;;Gray - RGB 178,178,178;;1,20769E+14;3,90698E+14
47360;;;Unincorporated;Unincorporated;CO;1;;0;UNINC;www.lacounty.gov;2139744321;0;Land;;Yellow - RGB 255,255,115;;4,41087E+13;4,4646E+14
47361;;;Unincorporated;Unincorporated;CO;1;;0;UNINC;www.lacounty.gov;2139744321;0;Land;;Yellow - RGB 255,255,115;;1,33047E+12;2,18194E+14
47363;;;City;Hawaiian Gardens;Hawaiian Gardens;6;;31;HG;www.hgcity.org;5624202641;959;Land;;Brown - RGB 215,194,158;;3,59601E+12;9,46977E+14
47364;;;Unincorporated;Unincorporated;CO;1;;0;UNINC;www.lacounty.gov;2139744321;0;Land;;Yellow - RGB 255,255,115;;14862546875;6,0373E+14
47365;;;Unincorporated;Unincorporated;CO;1;;0;UNINC;www.lacounty.gov;2139744321;0;Land;;Yellow - RGB 255,255,115;;6009734375;3,0145E+14
47366;;;Unincorporated;Unincorporated;CO;1;;0;UNINC;www.lacounty.gov;2139744321;0;Land;;Yellow - RGB 255,255,115;;8,54229E+12;2,10655E+14
47367;;;Unincorporated;Unincorporated;CO;1;;0;UNINC;www.lacounty.gov;2139744321;0;Land;;Yellow - RGB 255,255,115;;5,56456E+11;3,98321E+14
47380;;;Unincorporated;Unincorporated;CO;1;;0;UNINC;www.lacounty.gov;2139744321;0;Land;;Yellow - RGB 255,255,115;;1,00033E+11;5,69469E+14
47384;;;Unincorporated;Unincorporated;CO;1;;0;UNINC;www.lacounty.gov;2139744321;0;Land;;Yellow - RGB 255,255,115;;4,81342E+13;3,03048E+14
